"","log2FoldChange","padj"
"IGFALS",2.62417052985495,0.0234608153128907
